{"microbit":{"DFRobot_SHT20.h":{"AllObj":["!DFScratch/extensions/Nick-SHT20_I2C_Water-thirdex/arduinoC/libraries/ext-DFRobot_SHT20-master/microbit/DFRobot_SHT20.cpp.o","\\arduino\\hardware\\dfrobot\\nRF5\\libraries\\Wire\\microbit\\Wire.cpp.o"],"AllIncludes":["/arduino/hardware/dfrobot/nRF5/cores/nRF5","/arduino/hardware/dfrobot/nRF5/variants/BBCmicrobit","!DFScratch/extensions/Nick-SHT20_I2C_Water-thirdex/arduinoC/libraries/ext-DFRobot_SHT20-master","/arduino/hardware/dfrobot/nRF5/libraries/Wire"]}},"mpython":{"DFRobot_SHT20.h":{"AllObj":["!DFScratch/extensions/Nick-SHT20_I2C_Water-thirdex/arduinoC/libraries/ext-DFRobot_SHT20-master/mpython/DFRobot_SHT20.cpp.o","\\arduino\\hardware\\dfrobot\\mpython\\libraries\\Wire\\mpython\\Wire.cpp.o"],"AllIncludes":["/arduino/hardware/dfrobot/mpython/cores/esp32","/arduino/hardware/dfrobot/mpython/variants/mpython","!DFScratch/extensions/Nick-SHT20_I2C_Water-thirdex/arduinoC/libraries/ext-DFRobot_SHT20-master","/arduino/hardware/dfrobot/mpython/libraries/Wire"]}},"uno":{"DFRobot_SHT20.h":{"AllObj":["!DFScratch/extensions/Nick-SHT20_I2C_Water-thirdex/arduinoC/libraries/ext-DFRobot_SHT20-master/uno/DFRobot_SHT20.cpp.o","\\arduino\\hardware\\arduino\\avr\\libraries\\Wire\\uno\\Wire.cpp.o","\\arduino\\hardware\\arduino\\avr\\libraries\\Wire\\utility\\uno\\twi.c.o"],"AllIncludes":["/arduino/hardware/arduino/avr/cores/arduino","/arduino/hardware/arduino/avr/variants/standard","!DFScratch/extensions/Nick-SHT20_I2C_Water-thirdex/arduinoC/libraries/ext-DFRobot_SHT20-master","/arduino/hardware/arduino/avr/libraries/Wire"]}}}